{"cameraMode":{"drawMode":0,"name":"Shaded","section":"Shading Mode"},"sceneLighting":true,"audioPlay":false,"sceneViewState":{"showFog":true,"showMaterialUpdate":false,"showSkybox":true,"showFlares":true,"showImageEffects":true,"showParticleSystems":true},"in2DMode":false,"pivot":{"x":37.14011764526367,"y":11.326839447021485,"z":-8.41886043548584},"rotation":{"x":0.15368686616420747,"y":-0.6640998721122742,"z":0.14139778912067414,"w":0.7183804512023926},"size":16.180526733398439,"orthographic":false}