{"cameraMode":{"drawMode":0,"name":"Shaded","section":"Shading Mode"},"sceneLighting":true,"audioPlay":false,"sceneViewState":{"showFog":true,"showMaterialUpdate":false,"showSkybox":true,"showFlares":true,"showImageEffects":true,"showParticleSystems":true},"in2DMode":false,"pivot":{"x":-3.8156707286834719,"y":0.13215269148349763,"z":1.447694182395935},"rotation":{"x":-0.1655970960855484,"y":0.5736199617385864,"z":-0.11975202709436417,"w":-0.7932199835777283},"size":10.0,"orthographic":false}