{"cameraMode":{"drawMode":0,"name":"Shaded","section":"Shading Mode"},"sceneLighting":true,"audioPlay":false,"sceneViewState":{"showFog":true,"showMaterialUpdate":false,"showSkybox":true,"showFlares":true,"showImageEffects":true,"showParticleSystems":true},"in2DMode":false,"pivot":{"x":-34.020660400390628,"y":-0.9589910507202148,"z":49.738670349121097},"rotation":{"x":0.06968764960765839,"y":-0.30624526739120486,"z":0.02626500464975834,"w":0.9499567747116089},"size":57.57978057861328,"orthographic":false}