{"cameraMode":{"drawMode":0,"name":"Shaded","section":"Shading Mode"},"sceneLighting":true,"audioPlay":false,"sceneViewState":{"showFog":true,"showMaterialUpdate":false,"showSkybox":true,"showFlares":true,"showImageEffects":true,"showParticleSystems":true},"in2DMode":false,"pivot":{"x":-84.99441528320313,"y":-62.99742126464844,"z":-293.090576171875},"rotation":{"x":-0.014535149559378624,"y":0.987921953201294,"z":-0.10174541175365448,"w":-0.11925950646400452},"size":340.3821716308594,"orthographic":false}