{"cameraMode":{"drawMode":0,"name":"Shaded","section":"Shading Mode"},"sceneLighting":true,"audioPlay":false,"sceneViewState":{"showFog":true,"showMaterialUpdate":false,"showSkybox":true,"showFlares":true,"showImageEffects":true,"showParticleSystems":true},"in2DMode":false,"pivot":{"x":13.206218719482422,"y":33.08443832397461,"z":56.63265609741211},"rotation":{"x":-0.04509452357888222,"y":0.9515344500541687,"z":-0.22705553472042085,"w":-0.20632076263427735},"size":15.95326042175293,"orthographic":false}